{
  "mean": {
    "age": -8.326672684688674e-18,
    "lama_dirawat": -2.2620794126737565e-16,
    "billed_amount": -3.136380044566067e-17,
    "paid_amount": 2.6922908347160045e-17,
    "drug_cost": -2.5257573810222312e-17,
    "procedure_cost": 7.632783294297951e-17,
    "visit_count_30d": 3.3584246494910984e-17,
    "tarif_inacbg": 1.6653345369377347e-18,
    "selisih_klaim": 4.3853809472693685e-17,
    "time_diff_prev_claim": 1.9984014443252817e-17,
    "rolling_avg_cost_30d": -1.9784521243515484e-16,
    "provider_monthly_claims": -1.3490510791802634e-16,
    "nik_hash_reuse_count": 2.706168622523819e-17,
    "clinical_pathway_deviation_score": -2.3592239273284576e-16,
    "claim_ratio": 1.544216143845034e-15,
    "drug_ratio": -5.664912983149861e-16,
    "procedure_ratio": 2.37476704967321e-15,
    "provider_claim_share": 4.678618603648488e-15,
    "claim_month": -4.246603069191224e-17,
    "sex": 5.10702591327572e-17,
    "faskes_level": -1.1102230246251566e-17,
    "jenis_pelayanan": 1.8207657603852566e-16,
    "room_class": -2.831068712794149e-17,
    "kapitasi_flag": -1.5654144647214706e-16,
    "referral_flag": -1.815214645262131e-16,
    "referral_to_same_facility": -2.0393409183583345e-16
  },
  "std": {
    "age": 1.0012523486435176,
    "lama_dirawat": 1.001252348643517,
    "billed_amount": 1.0012523486435179,
    "paid_amount": 1.0012523486435174,
    "drug_cost": 1.0012523486435176,
    "procedure_cost": 1.0012523486435179,
    "visit_count_30d": 1.0012523486435185,
    "tarif_inacbg": 1.0012523486435225,
    "selisih_klaim": 1.0012523486435185,
    "time_diff_prev_claim": 1.0012523486435172,
    "rolling_avg_cost_30d": 1.0012523486435174,
    "provider_monthly_claims": 1.0012523486435148,
    "nik_hash_reuse_count": 1.001252348643518,
    "clinical_pathway_deviation_score": 1.0012523486435176,
    "claim_ratio": 1.0012523486435179,
    "drug_ratio": 1.0012523486435174,
    "procedure_ratio": 1.0012523486435176,
    "provider_claim_share": 1.0012523486435172,
    "claim_month": 1.0012523486435183,
    "sex": 1.0012523486435168,
    "faskes_level": 1.0012523486435176,
    "jenis_pelayanan": 1.0012523486435152,
    "room_class": 1.001252348643516,
    "kapitasi_flag": 1.001252348643514,
    "referral_flag": 1.0012523486435179,
    "referral_to_same_facility": 1.0012523486435136
  },
  "min": {
    "age": -1.4599404173338089,
    "lama_dirawat": -0.43945680497894485,
    "billed_amount": -0.5971973623996407,
    "paid_amount": -0.6400212312910408,
    "drug_cost": -0.5498361585303669,
    "procedure_cost": -0.59848760964714,
    "visit_count_30d": -1.1338586310184233,
    "tarif_inacbg": -0.6777089871607725,
    "selisih_klaim": -0.36434700389326324,
    "time_diff_prev_claim": -0.9268307179031419,
    "rolling_avg_cost_30d": -0.8394144315856812,
    "provider_monthly_claims": -1.0012649509932618,
    "nik_hash_reuse_count": -1.7448895833747085,
    "clinical_pathway_deviation_score": -1.5474435680893415,
    "claim_ratio": -0.5563728621315965,
    "drug_ratio": -1.447569718955839,
    "procedure_ratio": -1.7395640863608433,
    "provider_claim_share": -1.1630877283524443,
    "claim_month": -1.5411459920015984,
    "sex": -1.0408329997330654,
    "faskes_level": -1.2909944487358056,
    "jenis_pelayanan": -1.6236882817719733,
    "room_class": -2.610289234504124,
    "kapitasi_flag": -0.5658020972047715,
    "referral_flag": -0.5773502691896258,
    "referral_to_same_facility": -0.1005037815259208
  },
  "max": {
    "age": 2.030347599393315,
    "lama_dirawat": 13.458445080153131,
    "billed_amount": 6.102362560832614,
    "paid_amount": 3.905759939055058,
    "drug_cost": 6.353192496329353,
    "procedure_cost": 4.754618439035269,
    "visit_count_30d": 3.957734530722338,
    "tarif_inacbg": 2.544468546395912,
    "selisih_klaim": 8.589533245739394,
    "time_diff_prev_claim": 1.3438596049536673,
    "rolling_avg_cost_30d": 4.6593692352377305,
    "provider_monthly_claims": 4.0176069838100545,
    "nik_hash_reuse_count": 2.6264413144324945,
    "clinical_pathway_deviation_score": 3.2671405676939846,
    "claim_ratio": 5.91114109365072,
    "drug_ratio": 4.519737418797074,
    "procedure_ratio": 6.252283756661525,
    "provider_claim_share": 4.504075167361163,
    "claim_month": 1.5794441436666173,
    "sex": 0.9607689228305218,
    "faskes_level": 0.7745966692414834,
    "jenis_pelayanan": 0.6158817620514383,
    "room_class": 0.5681451454095733,
    "kapitasi_flag": 1.7674024273509874,
    "referral_flag": 1.7320508075688774,
    "referral_to_same_facility": 9.949874371066159
  }
}