{
  "mean": {
    "age": -6.630251903061434e-17,
    "lama_dirawat": -4.449773882697627e-17,
    "billed_amount": 1.0036416142611414e-17,
    "paid_amount": -1.2789769243681803e-17,
    "drug_cost": 1.1102230246251566e-18,
    "procedure_cost": -3.0375701953744284e-17,
    "visit_count_30d": -2.4336088699783432e-17,
    "tarif_inacbg": 2.0339285811132868e-17,
    "selisih_klaim": 1.0835776720341529e-17,
    "time_diff_prev_claim": -1.1723955140041653e-17,
    "rolling_avg_cost_30d": -9.414691248821327e-17,
    "provider_monthly_claims": -1.6235901512118288e-16,
    "nik_hash_reuse_count": -8.961720254774264e-17,
    "clinical_pathway_deviation_score": -7.407408020299045e-17,
    "claim_ratio": -5.338840480817452e-16,
    "drug_ratio": -7.01660951563099e-17,
    "procedure_ratio": -1.1097789354153065e-16,
    "provider_claim_share": 9.595879646440153e-16,
    "claim_month": 5.906386491005833e-17,
    "claim_quarter": -1.5258905250448152e-16,
    "total_klaim_5x": -2.6467716907063732e-17,
    "rerata_billed_5x": 9.370282327836321e-17,
    "std_claim_ratio_5x": -1.447730824111204e-17,
    "rerata_lama_dirawat_5x": 0.0,
    "total_rs_unique_visited_5x": -5.586642259913787e-17,
    "total_diagnosis_unique_5x": -1.589839371263224e-17,
    "obat_match_score": -6.998845947236986e-17,
    "phantom_suspect_score": 1.9251267247000214e-17,
    "phantom_node_flag": 4.973799150320701e-18,
    "sex": -5.071498776487715e-17,
    "faskes_level": 6.368239269249898e-17,
    "jenis_pelayanan": -9.059419880941277e-17,
    "room_class": -7.012168623532489e-17,
    "kapitasi_flag": 6.536993168992922e-17,
    "referral_flag": -5.275779813018744e-17,
    "referral_to_same_facility": 0.0,
    "visit_suspicious_flag": 6.887823644774471e-17,
    "obat_mismatch_flag": 1.794120407794253e-17,
    "billing_spike_flag": 2.149391775674303e-17,
    "high_deviation_flag": -4.1033842990145784e-17
  },
  "std": {
    "age": 1.0000062500585944,
    "lama_dirawat": 1.0000062500585942,
    "billed_amount": 1.0000062500585942,
    "paid_amount": 1.0000062500585942,
    "drug_cost": 1.0000062500585944,
    "procedure_cost": 1.0000062500585944,
    "visit_count_30d": 1.0000062500585942,
    "tarif_inacbg": 1.0000062500585944,
    "selisih_klaim": 1.0000062500585942,
    "time_diff_prev_claim": 1.0000062500585942,
    "rolling_avg_cost_30d": 1.0000062500585944,
    "provider_monthly_claims": 1.0000062500585942,
    "nik_hash_reuse_count": 1.0000062500585942,
    "clinical_pathway_deviation_score": 1.0000062500585942,
    "claim_ratio": 1.0000062500585944,
    "drug_ratio": 1.0000062500585942,
    "procedure_ratio": 1.0000062500585942,
    "provider_claim_share": 1.0000062500585942,
    "claim_month": 1.0000062500585942,
    "claim_quarter": 1.0000062500585944,
    "total_klaim_5x": 1.0000062500585944,
    "rerata_billed_5x": 1.0000062500585942,
    "std_claim_ratio_5x": 1.0000062500585942,
    "rerata_lama_dirawat_5x": 0.0,
    "total_rs_unique_visited_5x": 1.0000062500585942,
    "total_diagnosis_unique_5x": 1.0000062500585942,
    "obat_match_score": 1.0000062500585942,
    "phantom_suspect_score": 1.0000062500585942,
    "phantom_node_flag": 1.0000062500585944,
    "sex": 1.0000062500585942,
    "faskes_level": 1.0000062500585944,
    "jenis_pelayanan": 1.0000062500585942,
    "room_class": 1.0000062500585947,
    "kapitasi_flag": 1.0000062500585944,
    "referral_flag": 1.0000062500585942,
    "referral_to_same_facility": 0.0,
    "visit_suspicious_flag": 1.0000062500585942,
    "obat_mismatch_flag": 1.0000062500585944,
    "billing_spike_flag": 1.0000062500585944,
    "high_deviation_flag": 1.0000062500585938
  },
  "median": {
    "age": -0.10071589170949172,
    "lama_dirawat": -0.5594120332755462,
    "billed_amount": -0.5312099747182412,
    "paid_amount": -0.5347310789542166,
    "drug_cost": -0.41368206359371096,
    "procedure_cost": -0.47513792376176744,
    "visit_count_30d": -0.3963525151394817,
    "tarif_inacbg": -0.5765272603600146,
    "selisih_klaim": -0.4432505940224355,
    "time_diff_prev_claim": -0.6567952242097221,
    "rolling_avg_cost_30d": -0.6015712070689874,
    "provider_monthly_claims": 0.04078275820917377,
    "nik_hash_reuse_count": -9.73279085501784e-05,
    "clinical_pathway_deviation_score": -0.06540122385728295,
    "claim_ratio": -0.09996496058460176,
    "drug_ratio": -0.1821046749090029,
    "procedure_ratio": -0.0721133824427307,
    "provider_claim_share": 0.027110191870020416,
    "claim_month": 0.1421093748988815,
    "claim_quarter": 0.4440492217392056,
    "total_klaim_5x": 0.0016469583095839145,
    "rerata_billed_5x": -0.42642376392023784,
    "std_claim_ratio_5x": -0.500473652478607,
    "rerata_lama_dirawat_5x": 0.0,
    "total_rs_unique_visited_5x": 0.002573432962095576,
    "total_diagnosis_unique_5x": 0.08972599979535933,
    "obat_match_score": 0.3152511576043045,
    "phantom_suspect_score": -0.5189260414128362,
    "phantom_node_flag": -0.012248367375920203,
    "sex": -0.9987507802743519,
    "faskes_level": 0.6045774932224707,
    "jenis_pelayanan": 0.6319879348557281,
    "room_class": 0.5922074936868581,
    "kapitasi_flag": -0.64556695218079,
    "referral_flag": -0.5144921405043017,
    "referral_to_same_facility": 0.0,
    "visit_suspicious_flag": -0.4077361412245566,
    "obat_mismatch_flag": -0.076627517872441,
    "billing_spike_flag": -0.3727411287872095,
    "high_deviation_flag": -0.08478685117587176
  },
  "q25": {
    "age": -0.8743220820405729,
    "lama_dirawat": -0.5594120332755462,
    "billed_amount": -0.5847103999769865,
    "paid_amount": -0.5883769125288438,
    "drug_cost": -0.47592559965409986,
    "procedure_cost": -0.5385694545316876,
    "visit_count_30d": -0.7790799341617699,
    "tarif_inacbg": -0.6637667379513474,
    "selisih_klaim": -0.5153317926085683,
    "time_diff_prev_claim": -0.9294175283015804,
    "rolling_avg_cost_30d": -0.7040310604058221,
    "provider_monthly_claims": -0.6446897517846456,
    "nik_hash_reuse_count": -0.707936662818302,
    "clinical_pathway_deviation_score": -0.794126607093176,
    "claim_ratio": -0.8769199532191951,
    "drug_ratio": -0.7398536606568809,
    "procedure_ratio": -0.7559605724932383,
    "provider_claim_share": -0.5987562100376306,
    "claim_month": -0.7279924153896931,
    "claim_quarter": -0.4514144101111753,
    "total_klaim_5x": -0.8767308068018559,
    "rerata_billed_5x": -0.5408631936159538,
    "std_claim_ratio_5x": -0.500473652478607,
    "rerata_lama_dirawat_5x": 0.0,
    "total_rs_unique_visited_5x": -0.8772327079252942,
    "total_diagnosis_unique_5x": -0.9122393803873243,
    "obat_match_score": -1.1229548329033636,
    "phantom_suspect_score": -0.5189260414128362,
    "phantom_node_flag": -0.012248367375920203,
    "sex": -0.9987507802743519,
    "faskes_level": -1.6540476799258272,
    "jenis_pelayanan": -1.5823086879471562,
    "room_class": -1.0323094365495213,
    "kapitasi_flag": -0.64556695218079,
    "referral_flag": -0.5144921405043017,
    "referral_to_same_facility": 0.0,
    "visit_suspicious_flag": -0.4077361412245566,
    "obat_mismatch_flag": -0.076627517872441,
    "billing_spike_flag": -0.3727411287872095,
    "high_deviation_flag": -0.08478685117587176
  },
  "q75": {
    "age": 0.7136064139021727,
    "lama_dirawat": 0.4220484586001151,
    "billed_amount": 0.4263103702755313,
    "paid_amount": 0.4432316792376208,
    "drug_cost": -0.04106760728174488,
    "procedure_cost": 0.10178960402454165,
    "visit_count_30d": 0.3691023229050947,
    "tarif_inacbg": 0.6492044292556329,
    "selisih_klaim": -0.12406066746219824,
    "time_diff_prev_claim": 1.1394339890406666,
    "rolling_avg_cost_30d": 0.48802624989896043,
    "provider_monthly_claims": 0.7262552682029931,
    "nik_hash_reuse_count": 0.7077420070012017,
    "clinical_pathway_deviation_score": 0.7527562886972553,
    "claim_ratio": 0.828250873817328,
    "drug_ratio": 0.5302240604251133,
    "procedure_ratio": 0.6830760048373262,