{
  "mean": {
    "age": -1.210883245524504e-16,
    "lama_dirawat": -2.2500519965736505e-17,
    "billed_amount": 2.457293627837013e-17,
    "paid_amount": 6.158037043254201e-17,
    "drug_cost": -2.842170943040401e-17,
    "procedure_cost": 1.4506914188435377e-17,
    "visit_count_30d": -2.1908401019269756e-17,
    "tarif_inacbg": -2.0724163126336256e-17,
    "selisih_klaim": 1.5395092608135503e-17,
    "time_diff_prev_claim": 6.158037043254201e-17,
    "rolling_avg_cost_30d": 7.697546304067752e-18,
    "provider_monthly_claims": -8.112029566594477e-17,
    "nik_hash_reuse_count": -1.175356108736499e-16,
    "clinical_pathway_deviation_score": 7.815970093361102e-17,
    "claim_ratio": 6.045534443425519e-16,
    "drug_ratio": -5.802765675374151e-17,
    "procedure_ratio": 2.2737367544323206e-16,
    "provider_claim_share": -2.0280073916486193e-16,
    "claim_month": -4.144832625267251e-17,
    "claim_quarter": 7.431092778157714e-17,
    "total_klaim_5x": 3.967196941327226e-17,
    "rerata_billed_5x": -1.8355687340469255e-17,
    "std_claim_ratio_5x": 0.0,
    "rerata_lama_dirawat_5x": 0.0,
    "total_rs_unique_visited_5x": 3.967196941327226e-17,
    "total_diagnosis_unique_5x": -2.1908401019269756e-17,
    "obat_match_score": -4.432010314303625e-16,
    "phantom_suspect_score": 8.289665250534503e-17,
    "phantom_node_flag": 5.921189464667502e-18,
    "sex": 3.315866100213801e-17,
    "faskes_level": -7.815970093361102e-17,
    "jenis_pelayanan": -9.296267459527978e-17,
    "room_class": 3.552713678800501e-18,
    "kapitasi_flag": -3.6119255734471757e-17,
    "referral_flag": -9.651538827408027e-17,
    "referral_to_same_facility": 0.0,
    "visit_suspicious_flag": 3.552713678800501e-18,
    "obat_mismatch_flag": 5.921189464667502e-18,
    "billing_spike_flag": 2.960594732333751e-18,
    "high_deviation_flag": 2.1316282072803006e-17
  },
  "std": {
    "age": 1.000083343751447,
    "lama_dirawat": 1.0000833437514471,
    "billed_amount": 1.0000833437514471,
    "paid_amount": 1.0000833437514471,
    "drug_cost": 1.000083343751447,
    "procedure_cost": 1.000083343751447,
    "visit_count_30d": 1.000083343751447,
    "tarif_inacbg": 1.0000833437514471,
    "selisih_klaim": 1.000083343751447,
    "time_diff_prev_claim": 1.0000833437514467,
    "rolling_avg_cost_30d": 1.0000833437514471,
    "provider_monthly_claims": 1.000083343751447,
    "nik_hash_reuse_count": 1.000083343751447,
    "clinical_pathway_deviation_score": 1.000083343751447,
    "claim_ratio": 1.000083343751447,
    "drug_ratio": 1.000083343751447,
    "procedure_ratio": 1.000083343751447,
    "provider_claim_share": 1.000083343751447,
    "claim_month": 1.000083343751447,
    "claim_quarter": 1.0000833437514471,
    "total_klaim_5x": 1.000083343751447,
    "rerata_billed_5x": 1.000083343751447,
    "std_claim_ratio_5x": 1.000083343751447,
    "rerata_lama_dirawat_5x": 0.0,
    "total_rs_unique_visited_5x": 1.000083343751447,
    "total_diagnosis_unique_5x": 1.000083343751447,
    "obat_match_score": 1.000083343751447,
    "phantom_suspect_score": 1.0000833437514471,
    "phantom_node_flag": 1.0000833437514471,
    "sex": 1.0000833437514471,
    "faskes_level": 1.0000833437514471,
    "jenis_pelayanan": 1.000083343751447,
    "room_class": 1.000083343751447,
    "kapitasi_flag": 1.000083343751447,
    "referral_flag": 1.000083343751447,
    "referral_to_same_facility": 0.0,
    "visit_suspicious_flag": 1.000083343751447,
    "obat_mismatch_flag": 1.000083343751447,
    "billing_spike_flag": 1.000083343751447,
    "high_deviation_flag": 1.0000833437514471
  },
  "median": {
    "age": -0.08904711585235976,
    "lama_dirawat": -0.5643987145637673,
    "billed_amount": -0.5313303119590311,
    "paid_amount": -0.5385475071787047,
    "drug_cost": -0.42529092905080357,
    "procedure_cost": -0.47794866279785375,
    "visit_count_30d": -0.40755424744306457,
    "tarif_inacbg": -0.5843996360093603,
    "selisih_klaim": -0.44127221041885645,
    "time_diff_prev_claim": 0.2654855827955681,
    "rolling_avg_cost_30d": -0.5473946495800086,
    "provider_monthly_claims": -0.24148166398218357,
    "nik_hash_reuse_count": -0.37207857323701876,
    "clinical_pathway_deviation_score": -0.033064582218371136,
    "claim_ratio": -0.11343394964697986,
    "drug_ratio": -0.1749848059483253,
    "procedure_ratio": -0.0633451178148632,
    "provider_claim_share": -0.18158335633394856,
    "claim_month": -0.14523519598272655,
    "claim_quarter": -0.4461417794615243,
    "total_klaim_5x": -0.2604548324145146,
    "rerata_billed_5x": -0.14924797740256635,
    "std_claim_ratio_5x": -0.04983648793464831,
    "rerata_lama_dirawat_5x": 0.0,
    "total_rs_unique_visited_5x": -0.2604548324145146,
    "total_diagnosis_unique_5x": -0.2611849159308077,
    "obat_match_score": 0.3228451516646128,
    "phantom_suspect_score": -0.3960003401371633,
    "phantom_node_flag": -0.012911020450562607,
    "sex": 0.9993335554074816,
    "faskes_level": 0.5978846572278103,
    "jenis_pelayanan": 0.6401362636894002,
    "room_class": 0.6002346763447561,
    "kapitasi_flag": -0.6481653671674121,
    "referral_flag": -0.517651240145665,
    "referral_to_same_facility": 0.0,
    "visit_suspicious_flag": -0.39223227027636803,
    "obat_mismatch_flag": -0.07436677547886003,
    "billing_spike_flag": -0.13665914371885052,
    "high_deviation_flag": -0.07877138061605231
  },
  "q25": {
    "age": -0.8647307108068183,
    "lama_dirawat": -0.5643987145637673,
    "billed_amount": -0.5847661314717231,
    "paid_amount": -0.5922795878833385,
    "drug_cost": -0.49091435104330616,
    "procedure_cost": -0.5402620197643855,
    "visit_count_30d": -0.7856778727188319,
    "tarif_inacbg": -0.6706951864313545,
    "selisih_klaim": -0.5118135377186629,
    "time_diff_prev_claim": 0.2654855827955681,
    "rolling_avg_cost_30d": -0.6034460397554959,
    "provider_monthly_claims": -1.1320102342914033,
    "nik_hash_reuse_count": -0.37207857323701876,
    "clinical_pathway_deviation_score": -0.8093064079619093,
    "claim_ratio": -0.8691278552962746,
    "drug_ratio": -0.7334793331163549,
    "procedure_ratio": -0.7482432269428825,
    "provider_claim_share": -1.0595224863325396,
    "claim_month": -0.725209356313082,
    "claim_quarter": -0.4461417794615243,
    "total_klaim_5x": -0.2604548324145146,
    "rerata_billed_5x": -0.14924797740256635,
    "std_claim_ratio_5x": -0.04983648793464831,
    "rerata_lama_dirawat_5x": 0.0,
    "total_rs_unique_visited_5x": -0.2604548324145146,
    "total_diagnosis_unique_5x": -0.2611849159308077,
    "obat_match_score": -1.1264073621672588,
    "phantom_suspect_score": -0.3960003401371633,
    "phantom_node_flag": -0.012911020450562607,
    "sex": -1.0006668890371113,
    "faskes_level": -1.6725634081942544,
    "jenis_pelayanan": -1.5621673957924815,
    "room_class": -0.9996800540277614,
    "kapitasi_flag": -0.6481653671674121,
    "referral_flag": -0.517651240145665,
    "referral_to_same_facility": 0.0,
    "visit_suspicious_flag": -0.39223227027636803,
    "obat_mismatch_flag": -0.07436677547886003,
    "billing_spike_flag": -0.13665914371885052,
    "high_deviation_flag": -0.07877138061605231
  },
  "q75": {
    "age": 0.727461931468123,
    "lama_dirawat": 0.43561869484147053,
    "billed_amount": 0.43683580819770795,
    "paid_amount": 0.44701300986539827,
    "drug_cost": -0.05015826216918201,
    "procedure_cost": 0.14731800149017105,
    "visit_count_30d": 0.34869300310847007,
    "tarif_inacbg": 0.6280696926191282,
    "selisih_klaim": -0.11501998035348537,
    "time_diff_prev_claim": 0.2654855827955681,
    "rolling_avg_cost_30d": 0.46011609763040745,
    "provider_monthly_claims": 0.6490469063270363,
    "nik_hash_reuse_count": -0.37207857323701876,
    "clinical_pathway_deviation_score": 0.7421824454398114,
    "claim_ratio": 0.8174927079820546,
    "drug_ratio": 0.5440692641883293,
    "procedure_ratio": 0.6783166237893904,
    "provider_claim_share": 0.6912838063177782,