{
  "mean": {
    "age": -8.31279489688086e-18,
    "lama_dirawat": 8.193168365977499e-16,
    "billed_amount": -1.6583956430338275e-18,
    "paid_amount": 1.7937040741600185e-17,
    "drug_cost": -6.410497133124693e-17,
    "procedure_cost": 9.180156634869263e-17,
    "visit_count_30d": 5.685729664861584e-17,
    "tarif_inacbg": -9.97923965684322e-16,
    "selisih_klaim": 2.3642546254087903e-17,
    "time_diff_prev_claim": -3.2656863324653783e-16,
    "rolling_avg_cost_30d": 2.8899105330992826e-15,
    "provider_monthly_claims": -8.841538612358591e-17,
    "nik_hash_reuse_count": -6.98885394001536e-17,
    "clinical_pathway_deviation_score": -1.3652134978059393e-15,
    "claim_ratio": 1.080990115129299e-14,
    "drug_ratio": 7.604458729382201e-15,
    "procedure_ratio": 6.008157513170964e-15,
    "provider_claim_share": 2.2699717106000604e-14,
    "claim_month": -1.7896795156957525e-16,
    "sex": 1.1961820423067593e-15,
    "faskes_level": -6.539213615042172e-17,
    "jenis_pelayanan": -1.6221746168554319e-16,
    "room_class": 8.552741848077971e-16,
    "kapitasi_flag": -1.1680933997837428e-16,
    "referral_flag": 2.874922522266843e-16,
    "referral_to_same_facility": -1.7229048049349771e-15
  },
  "std": {
    "age": 1.0000312514649263,
    "lama_dirawat": 1.000031251464815,
    "billed_amount": 1.0000312514649208,
    "paid_amount": 1.0000312514649214,
    "drug_cost": 1.000031251464921,
    "procedure_cost": 1.0000312514649186,
    "visit_count_30d": 1.0000312514649212,
    "tarif_inacbg": 1.0000312514649496,
    "selisih_klaim": 1.0000312514649223,
    "time_diff_prev_claim": 1.0000312514649206,
    "rolling_avg_cost_30d": 1.0000312514649219,
    "provider_monthly_claims": 1.0000312514649208,
    "nik_hash_reuse_count": 1.000031251464927,
    "clinical_pathway_deviation_score": 1.0000312514649128,
    "claim_ratio": 1.0000312514649194,
    "drug_ratio": 1.0000312514649212,
    "procedure_ratio": 1.0000312514649174,
    "provider_claim_share": 1.0000312514649266,
    "claim_month": 1.0000312514648972,
    "sex": 1.0000312514648757,
    "faskes_level": 1.000031251465072,
    "jenis_pelayanan": 1.0000312514648289,
    "room_class": 1.0000312514649488,
    "kapitasi_flag": 1.0000312514648326,
    "referral_flag": 1.000031251464859,
    "referral_to_same_facility": 1.0000312514647838
  },
  "min": {
    "age": -1.5279658781464966,
    "lama_dirawat": -0.4846016885196649,
    "billed_amount": -0.5832924053391739,
    "paid_amount": -0.6751909349294143,
    "drug_cost": -0.4417744534942927,
    "procedure_cost": -0.5639115139808267,
    "visit_count_30d": -1.1462261573308088,
    "tarif_inacbg": -0.6870991707926779,
    "selisih_klaim": -0.27243515794350864,
    "time_diff_prev_claim": -0.44186422124037433,
    "rolling_avg_cost_30d": -1.0195615523700496,
    "provider_monthly_claims": -1.6696553471709141,
    "nik_hash_reuse_count": -2.850192623418189,
    "clinical_pathway_deviation_score": -1.4824722650609328,
    "claim_ratio": -0.5457980464098987,
    "drug_ratio": -1.4366208423955646,
    "procedure_ratio": -1.7094346933441515,
    "provider_claim_share": -1.6189842466419535,
    "claim_month": -1.5936981003123716,
    "sex": -0.9891834949316259,
    "faskes_level": -1.472520570886474,
    "jenis_pelayanan": -1.5766542994442294,
    "room_class": -2.6667712259341063,
    "kapitasi_flag": -0.6138548931065303,
    "referral_flag": -0.5368843138941582,
    "referral_to_same_facility": -0.12418420725670086
  },
  "max": {
    "age": 2.0894172755176665,
    "lama_dirawat": 14.64188223163671,
    "billed_amount": 16.157646752853033,
    "paid_amount": 3.974798274144244,
    "drug_cost": 34.03786783327465,
    "procedure_cost": 20.503694673813428,
    "visit_count_30d": 6.758781824260975,
    "tarif_inacbg": 2.6632612848262776,
    "selisih_klaim": 26.286883483181523,
    "time_diff_prev_claim": 2.9908715400755237,
    "rolling_avg_cost_30d": 5.211793800657174,
    "provider_monthly_claims": 3.6906329212691724,
    "nik_hash_reuse_count": 3.487177542188757,
    "clinical_pathway_deviation_score": 2.8859275249074603,
    "claim_ratio": 9.527409922932163,
    "drug_ratio": 10.63502412219261,
    "procedure_ratio": 5.8435750273800595,
    "provider_claim_share": 3.8572203606566218,
    "claim_month": 1.5937705427815327,
    "sex": 1.0109347811843876,
    "faskes_level": 0.6791076605458168,
    "jenis_pelayanan": 0.6342544464898346,
    "room_class": 0.5936516915164218,
    "kapitasi_flag": 1.6290494891050444,
    "referral_flag": 1.8625986532305712,
    "referral_to_same_facility": 8.052553719110435
  }
}