{
  "mean": {
    "age": -8.179568133925841e-17,
    "lama_dirawat": -3.1372127118345363e-16,
    "billed_amount": 2.060851489460447e-17,
    "paid_amount": 5.898059818321144e-18,
    "drug_cost": -2.7068625119142097e-17,
    "procedure_cost": -1.817990202823694e-17,
    "visit_count_30d": 1.4911682999496634e-17,
    "tarif_inacbg": 1.851574449318605e-16,
    "selisih_klaim": -2.1121993043493603e-17,
    "time_diff_prev_claim": 6.799422136438693e-17,
    "rolling_avg_cost_30d": 1.2398415627501436e-15,
    "provider_monthly_claims": 8.10185252220208e-17,
    "nik_hash_reuse_count": -1.2284617767477358e-16,
    "clinical_pathway_deviation_score": 5.210054609960934e-15,
    "claim_ratio": -6.9284161741123285e-15,
    "drug_ratio": -1.4468079512219845e-15,
    "procedure_ratio": 1.3598289161365074e-15,
    "provider_claim_share": -1.9699158970709617e-14,
    "claim_month": 1.402489235857729e-16,
    "sex": -2.5091040356528535e-16,
    "faskes_level": -3.754219157769967e-16,
    "jenis_pelayanan": -1.065536547883994e-16,
    "room_class": 1.8252066524837572e-16,
    "kapitasi_flag": 6.22002449546244e-17,
    "referral_flag": -7.793765632868598e-17,
    "referral_to_same_facility": 2.3723037423373226e-16
  },
  "std": {
    "age": 1.000062505859968,
    "lama_dirawat": 1.000062505859986,
    "billed_amount": 1.0000625058599848,
    "paid_amount": 1.000062505859987,
    "drug_cost": 1.0000625058599883,
    "procedure_cost": 1.0000625058599855,
    "visit_count_30d": 1.0000625058600063,
    "tarif_inacbg": 1.0000625058600556,
    "selisih_klaim": 1.0000625058599872,
    "time_diff_prev_claim": 1.0000625058599864,
    "rolling_avg_cost_30d": 1.0000625058599855,
    "provider_monthly_claims": 1.0000625058599684,
    "nik_hash_reuse_count": 1.0000625058599881,
    "clinical_pathway_deviation_score": 1.0000625058599841,
    "claim_ratio": 1.0000625058599848,
    "drug_ratio": 1.0000625058599861,
    "procedure_ratio": 1.0000625058599864,
    "provider_claim_share": 1.0000625058599892,
    "claim_month": 1.0000625058599746,
    "sex": 1.0000625058599903,
    "faskes_level": 1.0000625058600074,
    "jenis_pelayanan": 1.000062505860023,
    "room_class": 1.0000625058600199,
    "kapitasi_flag": 1.0000625058600239,
    "referral_flag": 1.0000625058599486,
    "referral_to_same_facility": 1.0000625058599737
  },
  "min": {
    "age": -1.505243114551489,
    "lama_dirawat": -0.47790112146920616,
    "billed_amount": -0.6003035927969705,
    "paid_amount": -0.6772941915422163,
    "drug_cost": -0.46216592914624655,
    "procedure_cost": -0.5769146204680055,
    "visit_count_30d": -1.1327509017001316,
    "tarif_inacbg": -0.6852274813714282,
    "selisih_klaim": -0.2827829366084233,
    "time_diff_prev_claim": -0.4435528300454768,
    "rolling_avg_cost_30d": -1.0323502033599166,
    "provider_monthly_claims": -1.6373864230365862,
    "nik_hash_reuse_count": -2.885201468530642,
    "clinical_pathway_deviation_score": -1.4917600167246916,
    "claim_ratio": -0.5432329523078935,
    "drug_ratio": -1.4339861485622987,
    "procedure_ratio": -1.6634354249060608,
    "provider_claim_share": -1.6094711025553399,
    "claim_month": -1.5935297049233574,
    "sex": -0.9980019960059928,
    "faskes_level": -1.4053767018947003,
    "jenis_pelayanan": -1.5742493034984653,
    "room_class": -2.616135049796399,
    "kapitasi_flag": -0.6162679069604314,
    "referral_flag": -0.5262464775631523,
    "referral_to_same_facility": -0.12340351046845764
  },
  "max": {
    "age": 2.054149437958176,
    "lama_dirawat": 14.75297864446363,
    "billed_amount": 12.90824561883617,
    "paid_amount": 4.028936825663452,
    "drug_cost": 32.67511568467703,
    "procedure_cost": 13.190766363163137,
    "visit_count_30d": 6.443861458653577,
    "tarif_inacbg": 2.640755019923117,
    "selisih_klaim": 21.46689480506863,
    "time_diff_prev_claim": 2.9916125121444543,
    "rolling_avg_cost_30d": 5.105786264815224,
    "provider_monthly_claims": 4.178228647240758,
    "nik_hash_reuse_count": 2.9192218384688893,
    "clinical_pathway_deviation_score": 2.8574100398191646,
    "claim_ratio": 9.838068255778268,
    "drug_ratio": 8.316102974896207,
    "procedure_ratio": 5.781674264653838,
    "provider_claim_share": 4.074367892981429,
    "claim_month": 1.6025368014412944,
    "sex": 1.002002004006017,
    "faskes_level": 0.7115529940491149,
    "jenis_pelayanan": 0.6352234031660473,
    "room_class": 0.5952010809905423,
    "kapitasi_flag": 1.6226709012518536,
    "referral_flag": 1.9002502489528237,
    "referral_to_same_facility": 8.103497187428719
  }
}